,Image Tag
0,Adobe-Consulting-Services-acs-aem-commons-315891916
1,terasolunaorg-terasoluna-tourreservation-480253135
2,apache-jackrabbit-oak-293744004
3,ikasanEIP-ikasan-374378137
4,swagger-api-swagger-core-395465873
5,joel-costigliola-assertj-core-547866285
6,Adobe-Consulting-Services-acs-aem-commons-374231970
7,Adobe-Consulting-Services-acs-aem-commons-374231981
8,raphw-byte-buddy-363671490
9,swagger-api-swagger-core-336157516
10,square-okhttp-457770930
11,graphhopper-graphhopper-559316025
12,Adobe-Consulting-Services-acs-aem-commons-336166194
13,Adobe-Consulting-Services-acs-aem-commons-369395859
14,Adobe-Consulting-Services-acs-aem-commons-374231973
15,ikasanEIP-ikasan-374378168
16,thm-projects-arsnova-backend-346821478
17,Adobe-Consulting-Services-acs-aem-commons-358605961
18,apache-jackrabbit-oak-290323369
19,Adobe-Consulting-Services-acs-aem-commons-374231982
20,thm-projects-arsnova-backend-349234146
21,UNC-Libraries-Carolina-Digital-Repository-382144611
22,Wikidata-Wikidata-Toolkit-586433375
23,Wikidata-Wikidata-Toolkit-586433374
24,graphhopper-graphhopper-668817595
25,tananaev-traccar-74003864
26,tananaev-traccar-253824439
27,tananaev-traccar-222703226
28,tananaev-traccar-73120529
29,stagemonitor-stagemonitor-253536495
30,spring-projects-spring-hateoas-68327071
31,spring-projects-spring-hateoas-232784946
32,FluentLenium-FluentLenium-219239762
33,konsoletyper-teavm-84626989
34,chewiebug-GCViewer-84971995
35,chewiebug-GCViewer-102107705
36,apache-commons-lang-210284572
37,tananaev-traccar-222962393
38,tananaev-traccar-213295615
39,tananaev-traccar-215331201
40,tananaev-traccar-231752787
41,tananaev-traccar-236238795
42,tananaev-traccar-237850518
43,apache-commons-lang-226894246
44,apache-commons-lang-212643975
45,kairosdb-kairosdb-160772309
46,kairosdb-kairosdb-160772310
47,kairosdb-kairosdb-258938889
48,kairosdb-kairosdb-171093894
49,kairosdb-kairosdb-226427085
50,kairosdb-kairosdb-242004441
51,kairosdb-kairosdb-171093895
52,kairosdb-kairosdb-156977713
53,kairosdb-kairosdb-194637035
54,FluentLenium-FluentLenium-140805252
55,FluentLenium-FluentLenium-192472875
56,puniverse-quasar-67967396
57,stagemonitor-stagemonitor-114302339
58,square-okhttp-45582449
59,owlcs-owlapi-119939037
60,owlcs-owlapi-192008926
61,pgjdbc-pgjdbc-166018034
62,square-retrofit-49032572
63,owlcs-owlapi-93793148
64,uwescience-myria-63073864
65,owlcs-owlapi-192275557
66,owlcs-owlapi-226288775
67,owlcs-owlapi-101183825
68,owlcs-owlapi-189433636
69,owlcs-owlapi-101938093
70,tananaev-traccar-210688956
71,square-okhttp-77169824
72,owlcs-owlapi-215059047
73,owlcs-owlapi-228471368
74,owlcs-owlapi-215173903
75,SonarSource-sonar-php-78204269
76,SonarSource-sonar-php-80796552
77,SonarSource-sonar-php-86175684
78,SonarSource-sonar-php-81370545
79,SonarSource-sonar-php-87447612
80,hbz-nwbib-81961806
81,uniba-dsg-betsy-80225467
82,uniba-dsg-betsy-79817607
83,uniba-dsg-betsy-79678719
84,Backendless-Android-SDK-151437488
85,uniba-dsg-betsy-79678708
86,Backendless-Android-SDK-116420588
87,Backendless-Android-SDK-166667426
88,raphw-byte-buddy-169775347
89,google-auto-211506706
90,google-auto-101506035
91,google-auto-101506036
92,google-auto-101506038
93,google-auto-185599481
94,google-auto-101506039
95,chewiebug-GCViewer-109895373
96,ProjectKorra-ProjectKorra-165108371
97,SonarSource-sonar-xml-90131038
98,ImmobilienScout24-deadcode4j-131735009
99,junkdog-artemis-odb-71156925
100,junkdog-artemis-odb-71816517
101,Whiley-WhileyCompiler-233645906
102,junkdog-artemis-odb-74488108
103,junkdog-artemis-odb-74138980
104,junkdog-artemis-odb-75144750
105,junkdog-artemis-odb-80146605
106,yamcs-yamcs-108219382
107,HubSpot-Singularity-85748309
108,HubSpot-Singularity-85747664
109,checkstyle-checkstyle-191395921
110,checkstyle-checkstyle-191395924
111,SonarSource-sonar-java-72257409
112,SonarSource-sonar-java-76410855
113,SonarSource-sonar-java-74910602
114,SonarSource-sonar-java-78247403
115,HubSpot-Baragon-83337307
116,SonarSource-sonar-java-96953948
117,HubSpot-Baragon-80236757
118,HubSpot-Baragon-80236779
119,HubSpot-Baragon-80701890
120,HubSpot-Baragon-83337306
121,HubSpot-Baragon-80236758
122,HubSpot-Baragon-86922674
123,checkstyle-checkstyle-127801292
124,HubSpot-Baragon-83048550
125,HubSpot-Baragon-84971316
126,HubSpot-Baragon-84971311
127,checkstyle-checkstyle-124049471
128,junkdog-artemis-odb-72035852
129,checkstyle-checkstyle-224761104
130,checkstyle-checkstyle-260466259
131,checkstyle-checkstyle-224761103
132,checkstyle-checkstyle-224761095
133,checkstyle-checkstyle-220125100
134,checkstyle-checkstyle-256423080
135,checkstyle-checkstyle-258300333
136,checkstyle-checkstyle-255025364
137,checkstyle-checkstyle-224761106
138,checkstyle-checkstyle-224761101
139,checkstyle-checkstyle-104953191
140,checkstyle-checkstyle-104953207
141,checkstyle-checkstyle-248927613
142,HubSpot-Baragon-82788249
143,checkstyle-checkstyle-262835759
144,HubSpot-Baragon-84497580
145,HubSpot-Baragon-80701888
146,checkstyle-checkstyle-268149324
147,checkstyle-checkstyle-262835764
148,checkstyle-checkstyle-262835755
149,checkstyle-checkstyle-75715016
150,checkstyle-checkstyle-70405556
151,checkstyle-checkstyle-76005545
152,checkstyle-checkstyle-76005550
153,checkstyle-checkstyle-70686110
154,checkstyle-checkstyle-76005547
155,checkstyle-checkstyle-270800505
156,checkstyle-checkstyle-270800498
157,checkstyle-checkstyle-270800500
158,checkstyle-checkstyle-74097021
159,checkstyle-checkstyle-270800485
160,checkstyle-checkstyle-74845201
161,checkstyle-checkstyle-76005554
162,checkstyle-checkstyle-270800501
163,HubSpot-Baragon-84298324
164,HubSpot-Baragon-85171213
165,HubSpot-Baragon-87667747
166,HubSpot-Baragon-84298249
167,HubSpot-Baragon-84497575
168,HubSpot-Baragon-84497609
169,HubSpot-Baragon-84504604
170,HubSpot-Baragon-84298248
171,HubSpot-Baragon-89452860
172,HubSpot-Baragon-89452894
173,HubSpot-Baragon-89452859
174,HubSpot-Baragon-89452911
175,HubSpot-Baragon-89452892
176,HubSpot-Baragon-89452889
177,HubSpot-Baragon-86911488
178,HubSpot-Baragon-85178941
179,HubSpot-Baragon-85178968
180,HubSpot-Baragon-84497573
181,HubSpot-Baragon-84497578
182,HubSpot-Baragon-89270057
183,HubSpot-Baragon-86911487
184,HubSpot-Baragon-91888798
185,HubSpot-Baragon-86922672
186,HubSpot-Baragon-89452862
187,joyent-java-manta-100589611
188,checkstyle-checkstyle-102599923
189,checkstyle-checkstyle-84922173
190,checkstyle-checkstyle-88380922
191,checkstyle-checkstyle-88380905
192,checkstyle-checkstyle-90406879
193,checkstyle-checkstyle-96396741
194,checkstyle-checkstyle-84922157
195,checkstyle-checkstyle-93947575
196,checkstyle-checkstyle-88384263
197,HubSpot-Baragon-79555888
198,checkstyle-checkstyle-88377557
199,HubSpot-Baragon-79521978
200,checkstyle-checkstyle-96396730
201,HubSpot-Baragon-79555905
202,checkstyle-checkstyle-97732321
203,HubSpot-Baragon-79521982
204,checkstyle-checkstyle-97668278
205,HubSpot-Baragon-104701567
206,HubSpot-Baragon-104701606
207,HubSpot-Baragon-89270339
208,HubSpot-Baragon-89269852
209,HubSpot-Baragon-91888816
210,HubSpot-Baragon-89270049
211,HubSpot-Baragon-89270336
212,HubSpot-Baragon-89269887
213,HubSpot-Baragon-91888796
214,HubSpot-Baragon-89270046
215,HubSpot-Baragon-104701564
216,HubSpot-Baragon-80236778
217,HubSpot-Baragon-86911522
218,HubSpot-Baragon-80236728
219,HubSpot-Baragon-83048552
220,HubSpot-Baragon-83337311
221,ethereum-ethereumj-56071331
222,ethereum-ethereumj-56098010
223,puniverse-quasar-66226568
224,puniverse-quasar-111273215
225,puniverse-quasar-103087730
226,raphw-byte-buddy-123642634
227,raphw-byte-buddy-123642638
228,raphw-byte-buddy-202917180
229,raphw-byte-buddy-193729609
230,tananaev-traccar-251583593
231,raphw-byte-buddy-163617936
232,checkstyle-checkstyle-268149321
233,checkstyle-checkstyle-217752221
234,checkstyle-checkstyle-220135522
235,checkstyle-checkstyle-224761102
236,checkstyle-checkstyle-251536828
237,checkstyle-checkstyle-258300321
238,checkstyle-checkstyle-266697946
239,ninjaframework-ninja-138562457
240,ninjaframework-ninja-138562278
241,orbit-orbit-237244974
242,jcabi-jcabi-s3-195322497
243,jcabi-jcabi-s3-195322501
244,petergeneric-stdlib-151206239
245,cbeust-testng-60922129
246,square-okhttp-156543590
247,square-okhttp-58838747
248,owlcs-owlapi-142648270
249,owlcs-owlapi-99251245
250,square-retrofit-62876624
251,stagemonitor-stagemonitor-296847746
252,stagemonitor-stagemonitor-327173009
253,stagemonitor-stagemonitor-216487250
254,square-javapoet-46399338
255,square-javapoet-46329264
256,square-javapoet-69618779
257,square-javapoet-46329268
258,square-javapoet-46329265
259,square-javapoet-46399334
260,square-javapoet-46399335
261,square-javapoet-69618780
262,square-javapoet-91069594
263,spring-projects-spring-data-jpa-65037693
264,square-okhttp-155921496
265,square-okhttp-159650906
266,square-okhttp-156543577
267,cryptomator-cryptomator-323263771
268,square-okhttp-156217526
269,square-okhttp-161231300
270,square-okhttp-159651157
271,square-okhttp-161231292
272,square-okhttp-45231678
273,square-okhttp-46038247
274,square-okhttp-45920721
275,square-okhttp-46038250
276,spring-projects-spring-hateoas-295500875
277,spring-projects-spring-hateoas-298224252
278,Adobe-Consulting-Services-acs-aem-commons-318849677
279,Adobe-Consulting-Services-acs-aem-commons-336166193
280,Adobe-Consulting-Services-acs-aem-commons-336166195
281,Adobe-Consulting-Services-acs-aem-commons-318849676
282,Adobe-Consulting-Services-acs-aem-commons-358605963
283,Adobe-Consulting-Services-acs-aem-commons-336166192
284,Adobe-Consulting-Services-acs-aem-commons-358605968
285,Adobe-Consulting-Services-acs-aem-commons-369395860
286,Adobe-Consulting-Services-acs-aem-commons-358605962
287,Adobe-Consulting-Services-acs-aem-commons-369395861
288,Adobe-Consulting-Services-acs-aem-commons-374231971
289,Adobe-Consulting-Services-acs-aem-commons-369395858
290,Adobe-Consulting-Services-acs-aem-commons-374231969
291,Adobe-Consulting-Services-acs-aem-commons-374231979
292,Adobe-Consulting-Services-acs-aem-commons-369395857
293,Adobe-Consulting-Services-acs-aem-commons-374231978
294,Adobe-Consulting-Services-acs-aem-commons-374231972
295,Adobe-Consulting-Services-acs-aem-commons-374231980
296,dropwizard-dropwizard-300124027
297,swagger-api-swagger-core-390509591
298,thm-projects-arsnova-backend-343416326
299,Adobe-Consulting-Services-acs-aem-commons-315891917
300,undera-jmeter-plugins-310644016
301,SonarSource-sonar-java-295864289
302,SonarSource-sonar-java-394621266
303,dropwizard-dropwizard-300122046
304,square-okhttp-400993850
305,thm-projects-arsnova-backend-346821479
306,thm-projects-arsnova-backend-339513403
307,thm-projects-arsnova-backend-339513402
308,thm-projects-arsnova-backend-347860322
309,thm-projects-arsnova-backend-349234145
310,square-okhttp-444761664
311,square-okhttp-400957197
312,Adobe-Consulting-Services-acs-aem-commons-439308125
313,square-okhttp-345494255
314,square-okhttp-528014967
315,swagger-api-swagger-core-245823910
316,apache-jackrabbit-oak-337535541
317,apache-jackrabbit-oak-337535542
318,SynBioDex-libSBOLj-173341447
319,apache-jackrabbit-oak-293747830
320,brianfrankcooper-YCSB-394573389
321,graphhopper-graphhopper-210124629
322,graphhopper-graphhopper-221837923
323,graphhopper-graphhopper-559317197
324,apache-dubbo-416755516
325,apache-dubbo-416671624
326,Scout24-deadcode4j-131735010
327,Scout24-deadcode4j-131735011
328,Scout24-deadcode4j-131735013
329,Scout24-deadcode4j-131735016
330,Scout24-deadcode4j-131735021
331,FluentLenium-FluentLenium-347992407
332,FluentLenium-FluentLenium-347992415
333,HubSpot-Singularity-436704137
334,Wikidata-Wikidata-Toolkit-586433373
335,Whiley-WhileyCompiler-589281071
336,Wikidata-Wikidata-Toolkit-586433376
337,ibissource-iaf-607116359
338,graphhopper-graphhopper-668817593
339,graphhopper-graphhopper-668817594
340,graphhopper-graphhopper-676551320
341,graphhopper-graphhopper-676551322
342,kairosdb-kairosdb-165948003
343,checkstyle-checkstyle-84728667
344,apache-commons-lang-224002128
345,ProjectKorra-ProjectKorra-165108370
346,kairosdb-kairosdb-194637034
347,kairosdb-kairosdb-165599699
348,chewiebug-GCViewer-110178840
349,hbz-nwbib-92030727
350,joel-costigliola-assertj-core-209468547
351,checkstyle-checkstyle-84922155
352,HubSpot-Baragon-84497571
353,HubSpot-Baragon-87667743
354,HubSpot-Baragon-89269891
355,HubSpot-Baragon-84497608
356,checkstyle-checkstyle-124354324
357,FluentLenium-FluentLenium-281050024
358,owlcs-owlapi-197561511
359,SonarSource-sonar-xml-114472551
360,SonarSource-sonar-php-81421537
361,Backendless-Android-SDK-141628334
362,Backendless-Android-SDK-166371234
363,checkstyle-checkstyle-249242866
364,HubTurbo-HubTurbo-65187015
365,HubSpot-Baragon-79868236
366,checkstyle-checkstyle-84922162
367,checkstyle-checkstyle-223747872
368,tananaev-traccar-245728860
369,apache-commons-lang-224267191
370,kairosdb-kairosdb-165948004
371,checkstyle-checkstyle-239038222
372,tananaev-traccar-215762818
373,HubSpot-Baragon-82788285
374,SonarSource-sonar-php-81370431
375,HubSpot-Singularity-96779834
376,checkstyle-checkstyle-211109551
377,checkstyle-checkstyle-265751362
378,checkstyle-checkstyle-270800504
379,joyent-java-manta-100589610
380,tananaev-traccar-219855883
381,kairosdb-kairosdb-252500621
382,google-auto-211506705
383,checkstyle-checkstyle-265751364
384,Whiley-WhileyCompiler-264241708
385,junkdog-artemis-odb-76185328
386,checkstyle-checkstyle-270800499
387,checkstyle-checkstyle-221478418
388,checkstyle-checkstyle-224761108
389,HubSpot-Baragon-86922673
390,spring-projects-spring-hateoas-68327070
391,checkstyle-checkstyle-96396726
392,apache-commons-lang-234158905
393,kairosdb-kairosdb-226427084
394,terasolunaorg-terasoluna-tourreservation-200258903
395,yamcs-yamcs-116586707
396,joel-costigliola-assertj-core-95115205
397,SonarSource-sonar-java-71271523
398,checkstyle-checkstyle-211109560
399,checkstyle-checkstyle-129475961
400,checkstyle-checkstyle-96396724
401,checkstyle-checkstyle-249314686
402,apache-commons-lang-232282024
403,checkstyle-checkstyle-265751360
404,brettwooldridge-HikariCP-158059986
405,square-okhttp-45592783
406,SonarSource-sonar-php-80198432
407,SonarSource-sonar-php-81036476
408,checkstyle-checkstyle-270800497
409,checkstyle-checkstyle-211109559
410,HubSpot-Baragon-84497607
411,kairosdb-kairosdb-242004442
412,swagger-api-swagger-core-231706520
413,SonarSource-sonar-php-86361008
414,raphw-byte-buddy-202917181
415,swagger-api-swagger-core-56505019
416,chewiebug-GCViewer-152998030
417,owlcs-owlapi-158991453
418,junkdog-artemis-odb-73732150
419,google-auto-185599482
420,HubSpot-Baragon-87667749
421,HubSpot-Baragon-87667748
422,checkstyle-checkstyle-271270767
423,HubSpot-Baragon-85178971
424,HubSpot-Baragon-85178970
425,spring-projects-spring-amqp-114918524
426,checkstyle-checkstyle-224761105
427,HubSpot-Baragon-84971314
428,checkstyle-checkstyle-262835760
429,checkstyle-checkstyle-75699015
430,HubSpot-Baragon-79868237
431,HubSpot-Baragon-83756077
432,HubSpot-Baragon-82788284
433,HubSpot-Baragon-83755117
434,HubSpot-Baragon-84298322
435,HubSpot-Baragon-84497579
436,HubSpot-Baragon-80236729
437,HubSpot-Baragon-87667744
438,tananaev-traccar-213175603
439,HubSpot-Baragon-79521976
440,checkstyle-checkstyle-97668293
441,HubSpot-Baragon-79555904
442,HubSpot-Baragon-88403496
443,HubSpot-Baragon-88403497
444,checkstyle-checkstyle-97668276
445,puniverse-quasar-130412591
446,HubSpot-Baragon-79868247
447,HubSpot-Baragon-79868248
448,google-closure-compiler-172459863
449,checkstyle-checkstyle-97732338
450,apache-jackrabbit-oak-262650259
451,HubSpot-Baragon-91888815
452,HubSpot-Baragon-79868246
453,HubSpot-Baragon-79555886
454,HubSpot-Baragon-80236759
455,HubSpot-Baragon-79868238
456,HubSpot-Baragon-89269847
457,HubSpot-Baragon-91888814
458,openmicroscopy-bioformats-172817858
459,Nukkit-Nukkit-218317961
460,google-closure-compiler-97793256
461,square-okhttp-45400958
462,checkstyle-checkstyle-224785568
463,jcabi-jcabi-s3-195322493
464,square-retrofit-65662933
465,square-retrofit-65662936
466,NitorCreations-nflow-105502019
467,checkstyle-checkstyle-246421459
468,ninjaframework-ninja-108917105
469,square-javapoet-91069595
470,square-okhttp-155921547
471,square-javapoet-46399337
472,spring-projects-spring-data-jpa-65037694
473,spring-projects-spring-data-jpa-62227422
474,square-javapoet-46329267
475,square-okhttp-168128967
476,square-okhttp-161231580
477,square-okhttp-95963081
478,Adobe-Consulting-Services-acs-aem-commons-318849675
479,Adobe-Consulting-Services-acs-aem-commons-336166196
480,Scout24-deadcode4j-131735012
481,spring-projects-spring-hateoas-255781344
482,spring-projects-spring-hateoas-255781346
483,uwescience-myria-64113218
484,terasolunaorg-terasoluna-tourreservation-192325631
485,terasolunaorg-terasoluna-tourreservation-100973622
486,google-auto-266975428
487,HubTurbo-HubTurbo-65187013
488,puniverse-quasar-47856366
489,NitorCreations-nflow-107454562
490,apache-dubbo-506092104
491,zxing-zxing-128622624
492,terasolunaorg-terasoluna-tourreservation-100973627
493,terasolunaorg-terasoluna-tourreservation-192325987
494,yamcs-yamcs-190541095
495,square-okhttp-102870075
496,graphhopper-graphhopper-136464635
497,tananaev-traccar-163222724
498,tananaev-traccar-168216256
499,tananaev-traccar-203646639
500,Nukkit-Nukkit-147959283
501,Flipkart-foxtrot-97843463
502,tananaev-traccar-95233029
503,tananaev-traccar-162333127
504,gwtbootstrap3-gwtbootstrap3-92837490
505,tananaev-traccar-192220170
506,Nukkit-Nukkit-165723367
507,gwtbootstrap3-gwtbootstrap3-92837483
508,FluentLenium-FluentLenium-140805248
509,brettwooldridge-HikariCP-446093147
510,apache-dubbo-416671625
511,Adobe-Consulting-Services-acs-aem-commons-455708710
512,Adobe-Consulting-Services-acs-aem-commons-455708708
513,orbit-orbit-126506070
514,NitorCreations-nflow-107489505
515,pgjdbc-pgjdbc-549133345
516,alibaba-fastjson-618981324
517,tananaev-traccar-85031638
518,yamcs-yamcs-166980116
519,yamcs-yamcs-163038984
520,Adobe-Consulting-Services-acs-aem-commons-459953308
521,alibaba-fastjson-594260125
522,petergeneric-stdlib-190395339
523,tananaev-traccar-81716539
524,Adobe-Consulting-Services-acs-aem-commons-461233047
525,haraldk-TwelveMonkeys-140849713
526,SonarSource-sonar-java-414054520
527,apache-commons-lang-372881624
528,NitorCreations-nflow-107489502
529,Adobe-Consulting-Services-acs-aem-commons-459953304
530,yamcs-yamcs-110947465
531,yamcs-yamcs-173940648
532,Adobe-Consulting-Services-acs-aem-commons-455708721
533,petergeneric-stdlib-160464757
534,raphw-byte-buddy-185391426
535,square-okhttp-99564966
536,tananaev-traccar-81496257
537,galenframework-galen-387063611
538,yamcs-yamcs-222112569
539,Bammerbom-UltimateCore-148568656
540,Bammerbom-UltimateCore-149748503
541,Bammerbom-UltimateCore-150100770
542,Bammerbom-UltimateCore-187748496
543,Nukkit-Nukkit-93164110
544,Nukkit-Nukkit-94403868
545,Scout24-deadcode4j-131735014
546,Whiley-WhileyCompiler-118883390
547,checkstyle-checkstyle-105882652
548,checkstyle-checkstyle-111533243
549,checkstyle-checkstyle-72232420
550,checkstyle-checkstyle-72389518
551,checkstyle-checkstyle-76005546
552,checkstyle-checkstyle-92362705
553,checkstyle-checkstyle-97668281
554,checkstyle-checkstyle-97732322
555,checkstyle-checkstyle-97741009
556,checkstyle-checkstyle-99627124
557,davidmoten-rxjava-jdbc-172208960
558,huanghongxun-HMCL-125590421
559,puniverse-quasar-46974329
560,raphw-byte-buddy-172684816
561,rinde-RinSim-45948366
562,rinde-RinSim-45948365
563,rinde-RinSim-46090918
564,rinde-RinSim-46165516
565,rinde-RinSim-46090917
566,rinde-RinSim-50180604
567,rinde-RinSim-46090919
568,rinde-RinSim-50180606
569,rinde-RinSim-50173140
570,square-okhttp-96819326
571,tananaev-traccar-187574671
572,Bammerbom-UltimateCore-154879660
573,Nukkit-Nukkit-93772725
574,raphw-byte-buddy-103287002
575,joyent-java-manta-98029385
576,raphw-byte-buddy-103907057
577,checkstyle-checkstyle-127801324
578,huanghongxun-HMCL-129961549
579,checkstyle-checkstyle-84922177
580,checkstyle-checkstyle-92362724
581,checkstyle-checkstyle-97732341
582,huanghongxun-HMCL-113890146
583,checkstyle-checkstyle-126959290
584,puniverse-quasar-46751323
585,rinde-RinSim-50173142
586,raphw-byte-buddy-102249351
587,rinde-RinSim-50180605
588,rinde-RinSim-46165518
589,rinde-RinSim-45970005
590,rinde-RinSim-46165517
591,raphw-byte-buddy-168135150
592,rinde-RinSim-45948364
593,rinde-RinSim-45970007
594,rinde-RinSim-50173141
595,rinde-RinSim-45970006
596,Adobe-Consulting-Services-acs-aem-commons-439308184
597,Adobe-Consulting-Services-acs-aem-commons-439308186
598,Adobe-Consulting-Services-acs-aem-commons-460918570
599,Adobe-Consulting-Services-acs-aem-commons-460918569
600,UNC-Libraries-Carolina-Digital-Repository-396988274
601,checkstyle-checkstyle-71762739
602,petergeneric-stdlib-190395481
603,tananaev-traccar-83815810
604,yamcs-yamcs-221289974
605,Adobe-Consulting-Services-acs-aem-commons-455708725
606,square-okhttp-196384047
607,tananaev-traccar-82839755
608,rackerlabs-blueflood-80864950
609,keycloak-keycloak-53114045
610,nutzam-nutz-89845306
611,yamcs-yamcs-168666695
612,spring-projects-spring-data-jpa-62227420
613,spring-projects-spring-data-jpa-68967581
614,spring-projects-spring-data-jpa-68967582
615,spring-projects-spring-data-jpa-68967585
616,spring-projects-spring-data-jpa-68967578
617,yamcs-yamcs-160476934
618,SonarSource-sonar-java-399461954
619,spring-projects-spring-data-jpa-62227421
620,spring-projects-spring-data-jpa-68967583
621,spring-projects-spring-data-jpa-68967579
622,spring-projects-spring-data-jpa-62227418
623,spring-projects-spring-data-jpa-68967577
624,square-okhttp-99758868
625,nutzam-nutz-296667028
626,nutzam-nutz-300022263
627,nutzam-nutz-305692165
628,nutzam-nutz-321817136
629,square-okhttp-45400990
630,nutzam-nutz-333553716
631,nutzam-nutz-320012347
632,IQSS-dataverse-443683466
633,UNC-Libraries-Carolina-Digital-Repository-368228275
634,raphw-byte-buddy-169775349
635,square-okhttp-102870076
636,IQSS-dataverse-402758963
637,Adobe-Consulting-Services-acs-aem-commons-439308185
638,cbeust-testng-61702917
639,haraldk-TwelveMonkeys-318828168
640,raphw-byte-buddy-146257719
641,yamcs-yamcs-186324159
642,haraldk-TwelveMonkeys-90933740
643,haraldk-TwelveMonkeys-140849704
644,nutzam-nutz-81601078
645,square-okhttp-101633627
646,rackerlabs-blueflood-80864951
647,tananaev-traccar-88918694
648,apache-struts-261704953
649,apache-dubbo-416755517
650,cbeust-testng-61702916
651,SonarSource-sonar-java-297969373
652,UNC-Libraries-Carolina-Digital-Repository-328164630
653,Adobe-Consulting-Services-acs-aem-commons-455708707
654,Adobe-Consulting-Services-acs-aem-commons-456539777
655,SonarSource-sonarlint-intellij-184267034
656,UNC-Libraries-Carolina-Digital-Repository-368228269
657,nutzam-nutz-159117608
658,raphw-byte-buddy-200856109
659,raphw-byte-buddy-192203421
660,raphw-byte-buddy-193397157
661,raphw-byte-buddy-192203424
662,NitorCreations-nflow-107489509
663,NitorCreations-nflow-107454561
664,spring-projects-spring-amqp-361831482
665,spring-projects-spring-amqp-354396810
666,spring-projects-spring-data-jpa-65037696
667,spring-projects-spring-data-jpa-94336956
668,spring-projects-spring-data-jpa-94336958
669,spring-projects-spring-data-jpa-91418420
670,spring-projects-spring-data-jpa-94336962
671,spring-projects-spring-hateoas-255781343
672,spring-projects-spring-hateoas-295500871
673,spring-projects-spring-hateoas-295500872
674,spring-projects-spring-hateoas-295500873
675,spring-projects-spring-hateoas-298224249
676,spring-projects-spring-hateoas-298224250
677,jprante-elasticsearch-jdbc-108309477
678,raphw-byte-buddy-192784810
679,spring-projects-spring-data-jpa-94336957
680,spring-projects-spring-data-jpa-94336959
681,spring-projects-spring-data-jpa-94336960
682,spring-projects-spring-data-jpa-91418410
683,spring-projects-spring-hateoas-298224251
684,spring-projects-spring-hateoas-255781345
685,spring-projects-spring-data-commons-110606841
686,puniverse-quasar-66456401
687,square-okhttp-100737734
688,square-okhttp-96815523
689,NitorCreations-nflow-107489503
690,cbeust-testng-144826559
691,raphw-byte-buddy-156948936
692,davidmoten-rxjava-jdbc-65364622
693,davidmoten-rxjava-jdbc-79059301
694,davidmoten-rxjava-jdbc-65364621
695,davidmoten-rxjava-jdbc-82056062
696,davidmoten-rxjava-jdbc-79059302
697,davidmoten-rxjava-jdbc-79059303
698,davidmoten-rxjava-jdbc-82056063
699,square-okhttp-45582450
700,davidmoten-rxjava-jdbc-82056064
701,checkstyle-checkstyle-71538907
702,davidmoten-rxjava-jdbc-65364623
703,joyent-java-manta-94046711
704,ibissource-iaf-686662105
705,square-okhttp-48930350
706,stagemonitor-stagemonitor-114030638
707,tananaev-traccar-61131831
708,tananaev-traccar-64783123
709,tananaev-traccar-67173870
710,tananaev-traccar-68883949
711,tananaev-traccar-75019402
712,tananaev-traccar-85219838
713,tananaev-traccar-94037390
714,uwescience-myria-103216907
715,ibissource-iaf-692484614
716,tananaev-traccar-86760055
717,cbeust-testng-134024224
718,HubSpot-Singularity-436705257
719,HubSpot-Baragon-198112051
720,HubSpot-Baragon-198112025
721,ImmobilienScout24-deadcode4j-110208143
722,galenframework-galen-393340921
723,lviggiano-owner-140673537
724,lviggiano-owner-140673539
725,uwescience-myria-122377299
726,HubSpot-Baragon-198094354
727,Adobe-Consulting-Services-acs-aem-commons-461893213
728,SonarSource-sonar-java-378686294
729,SonarSource-sonar-java-352869330
730,SonarSource-sonar-java-297969404
731,SonarSource-sonar-java-341497216
732,SonarSource-sonar-java-342232104
733,SonarSource-sonar-java-382295397
734,SonarSource-sonar-java-382233150
735,SonarSource-sonar-java-382054785
736,SonarSource-sonar-java-395013263
737,SonarSource-sonar-java-382744505
738,SonarSource-sonar-java-383768199
739,SonarSource-sonar-java-393540681
740,SonarSource-sonar-java-391682997
741,SonarSource-sonar-java-394638700
742,SonarSource-sonar-java-394180337
743,SonarSource-sonar-java-394947298
744,SonarSource-sonar-java-399094042
745,SonarSource-sonar-java-414444439
746,SonarSource-sonar-java-413973199
747,tananaev-traccar-221926468
748,winder-Universal-G-Code-Sender-172454077
749,SonarSource-sonar-java-352869832
750,SonarSource-sonar-java-382054648
751,SonarSource-sonar-java-382233209
752,SonarSource-sonar-java-378688200
753,SonarSource-sonar-java-382099987
754,SonarSource-sonar-java-382295561
755,SonarSource-sonar-java-391177444
756,SonarSource-sonar-java-395013338
757,SonarSource-sonar-java-414444425
758,SonarSource-sonar-java-413973183
759,SonarSource-sonar-java-415502637
760,SonarSource-sonar-java-109803141
761,SonarSource-sonar-java-341335847
762,SonarSource-sonar-java-394638505
763,SonarSource-sonar-java-414054533
764,SonarSource-sonar-java-414536977
765,SonarSource-sonar-java-341497710
766,SonarSource-sonar-java-415502671
767,SonarSource-sonar-java-383767409
768,SonarSource-sonar-java-391724364
769,SonarSource-sonar-java-399094310
770,SonarSource-sonar-java-414536960
771,tananaev-traccar-255051211
772,winder-Universal-G-Code-Sender-380219091
773,winder-Universal-G-Code-Sender-162367685
774,winder-Universal-G-Code-Sender-243265926
775,winder-Universal-G-Code-Sender-138576539
776,thm-projects-arsnova-backend-347860323
777,thm-projects-arsnova-backend-343416327
778,zxing-zxing-128622626
779,stagemonitor-stagemonitor-124528918
780,UniversalMediaServer-UniversalMediaServer-231375528
781,UniversalMediaServer-UniversalMediaServer-231375527
782,UniversalMediaServer-UniversalMediaServer-231241974
783,pgjdbc-pgjdbc-549133347
784,UniversalMediaServer-UniversalMediaServer-235789524
785,UniversalMediaServer-UniversalMediaServer-235789523
786,UniversalMediaServer-UniversalMediaServer-231765167
787,UniversalMediaServer-UniversalMediaServer-231765165
788,UniversalMediaServer-UniversalMediaServer-231712676
789,UniversalMediaServer-UniversalMediaServer-231698145
790,UniversalMediaServer-UniversalMediaServer-231698147
791,UniversalMediaServer-UniversalMediaServer-231712674
792,UniversalMediaServer-UniversalMediaServer-231698167
793,UniversalMediaServer-UniversalMediaServer-231698166
794,UniversalMediaServer-UniversalMediaServer-231698165
795,UniversalMediaServer-UniversalMediaServer-231698146
796,UniversalMediaServer-UniversalMediaServer-231375526
797,UniversalMediaServer-UniversalMediaServer-235789522
798,UniversalMediaServer-UniversalMediaServer-231765166
799,UniversalMediaServer-UniversalMediaServer-231712675
800,pgjdbc-pgjdbc-117659974
801,stagemonitor-stagemonitor-131378908
802,pgjdbc-pgjdbc-351498824
803,pgjdbc-pgjdbc-392704636
804,pgjdbc-pgjdbc-392704644
805,stagemonitor-stagemonitor-144754190
806,pgjdbc-pgjdbc-117659985
807,pgjdbc-pgjdbc-392704643
808,winder-Universal-G-Code-Sender-110682754
809,raphw-byte-buddy-249690521
810,raphw-byte-buddy-204384581
811,raphw-byte-buddy-232105016
812,raphw-byte-buddy-203568407
813,raphw-byte-buddy-204384585
814,raphw-byte-buddy-203568409
815,raphw-byte-buddy-212424295
816,raphw-byte-buddy-204384584
817,raphw-byte-buddy-203568410
818,raphw-byte-buddy-199726253
819,raphw-byte-buddy-203568406
820,raphw-byte-buddy-200856110
821,raphw-byte-buddy-199726254
822,raphw-byte-buddy-199726251
823,raphw-byte-buddy-199726250
824,raphw-byte-buddy-193397160
825,raphw-byte-buddy-195567363
826,raphw-byte-buddy-193397161
827,raphw-byte-buddy-193397158
828,raphw-byte-buddy-191630571
829,raphw-byte-buddy-192784807
830,raphw-byte-buddy-192203423
831,raphw-byte-buddy-192203420
832,raphw-byte-buddy-192022822
833,raphw-byte-buddy-192022819
834,raphw-byte-buddy-191630570
835,raphw-byte-buddy-190259700
836,raphw-byte-buddy-190547987
837,raphw-byte-buddy-191266513
838,raphw-byte-buddy-190547989
839,raphw-byte-buddy-190259697
840,raphw-byte-buddy-190547986
841,raphw-byte-buddy-190259707
842,raphw-byte-buddy-190204534
843,raphw-byte-buddy-190204531
844,raphw-byte-buddy-188138086
845,raphw-byte-buddy-188138083
846,raphw-byte-buddy-188138082
847,raphw-byte-buddy-189190152
848,raphw-byte-buddy-189190146
849,raphw-byte-buddy-188079240
850,raphw-byte-buddy-187808246
851,raphw-byte-buddy-187697345
852,raphw-byte-buddy-188079239
853,raphw-byte-buddy-188079236
854,raphw-byte-buddy-187606483
855,raphw-byte-buddy-187512656
856,raphw-byte-buddy-187606481
857,raphw-byte-buddy-187697343
858,raphw-byte-buddy-187606484
859,raphw-byte-buddy-187512653
860,raphw-byte-buddy-186958650
861,raphw-byte-buddy-186457599
862,raphw-byte-buddy-186880603
863,raphw-byte-buddy-186958648
864,raphw-byte-buddy-186958639
865,raphw-byte-buddy-186880602
866,raphw-byte-buddy-186880599
867,raphw-byte-buddy-185441651
868,raphw-byte-buddy-185233253
869,raphw-byte-buddy-185441654
870,raphw-byte-buddy-174535089
871,raphw-byte-buddy-171820204
872,raphw-byte-buddy-174535092
873,raphw-byte-buddy-171820197
874,raphw-byte-buddy-170476608
875,raphw-byte-buddy-171820205
876,raphw-byte-buddy-170476604
877,raphw-byte-buddy-168135153
878,raphw-byte-buddy-170476605
879,raphw-byte-buddy-171322757
880,raphw-byte-buddy-170476607
881,raphw-byte-buddy-166754523
882,raphw-byte-buddy-169775346
883,raphw-byte-buddy-168135151
884,raphw-byte-buddy-166754508
885,raphw-byte-buddy-165510020
886,raphw-byte-buddy-165510019
887,raphw-byte-buddy-163622115
888,raphw-byte-buddy-164879540
889,raphw-byte-buddy-163617935
890,raphw-byte-buddy-164879541
891,raphw-byte-buddy-164879535
892,raphw-byte-buddy-163622118
893,raphw-byte-buddy-161164036
894,raphw-byte-buddy-160374692
895,raphw-byte-buddy-160374689
896,raphw-byte-buddy-161025492
897,raphw-byte-buddy-159529697
898,raphw-byte-buddy-161164033
899,raphw-byte-buddy-158690689
900,raphw-byte-buddy-158690692
901,raphw-byte-buddy-158690690
902,raphw-byte-buddy-159529698
903,raphw-byte-buddy-158690693
904,raphw-byte-buddy-150449078
905,raphw-byte-buddy-156672808
906,raphw-byte-buddy-154415899
907,raphw-byte-buddy-156948933
908,raphw-byte-buddy-154415908
909,raphw-byte-buddy-150449081
910,raphw-byte-buddy-149441999
911,raphw-byte-buddy-148275736
912,raphw-byte-buddy-149688521
913,raphw-byte-buddy-149441998
914,raphw-byte-buddy-148830166
915,raphw-byte-buddy-148275735
916,raphw-byte-buddy-148830162
917,raphw-byte-buddy-146257715
918,raphw-byte-buddy-148052193
919,raphw-byte-buddy-146248650
920,raphw-byte-buddy-147989183
921,raphw-byte-buddy-145710904
922,raphw-byte-buddy-146257716
923,raphw-byte-buddy-146248654
924,raphw-byte-buddy-145710901
925,raphw-byte-buddy-145495032
926,raphw-byte-buddy-146058334
927,raphw-byte-buddy-146058330
928,raphw-byte-buddy-145495031
929,raphw-byte-buddy-145495029
930,raphw-byte-buddy-145495028
931,raphw-byte-buddy-145010277
932,raphw-byte-buddy-145010274
933,raphw-byte-buddy-140517154
934,raphw-byte-buddy-142690275
935,raphw-byte-buddy-142690271
936,raphw-byte-buddy-139776632
937,raphw-byte-buddy-135907597
938,raphw-byte-buddy-135907595
939,raphw-byte-buddy-139776637
940,raphw-byte-buddy-135907594
941,raphw-byte-buddy-135544151
942,raphw-byte-buddy-135544149
943,raphw-byte-buddy-135544155
944,raphw-byte-buddy-134390277
945,raphw-byte-buddy-134720981
946,raphw-byte-buddy-134720977
947,raphw-byte-buddy-134153789
948,raphw-byte-buddy-124133319
949,raphw-byte-buddy-134153784
950,raphw-byte-buddy-134153782
951,raphw-byte-buddy-124133322
952,raphw-byte-buddy-123483608
953,raphw-byte-buddy-124133318
954,raphw-byte-buddy-123483606
955,raphw-byte-buddy-123642633
956,raphw-byte-buddy-123161190
957,raphw-byte-buddy-123483605
958,raphw-byte-buddy-123161191
959,raphw-byte-buddy-123161188
960,raphw-byte-buddy-122630629
961,raphw-byte-buddy-122630628
962,raphw-byte-buddy-122614669
963,raphw-byte-buddy-122630627
964,raphw-byte-buddy-122614667
965,raphw-byte-buddy-122614663
966,raphw-byte-buddy-122614658
967,raphw-byte-buddy-122552469
968,raphw-byte-buddy-122552465
969,raphw-byte-buddy-116889852
970,raphw-byte-buddy-114772247
971,pgjdbc-pgjdbc-343084227
972,pgjdbc-pgjdbc-106770394
973,pgjdbc-pgjdbc-106770373
974,checkstyle-checkstyle-271781002
975,checkstyle-checkstyle-217752215
976,checkstyle-checkstyle-196225838
977,stagemonitor-stagemonitor-131427161
978,SynBioDex-libSBOLj-88851754
979,SynBioDex-libSBOLj-88818413
980,raphw-byte-buddy-234970609
981,raphw-byte-buddy-225708657
982,raphw-byte-buddy-220223727
983,raphw-byte-buddy-202917184
984,raphw-byte-buddy-200856116
985,raphw-byte-buddy-200856115
986,raphw-byte-buddy-195567392
987,raphw-byte-buddy-195567381
988,raphw-byte-buddy-195567369
989,raphw-byte-buddy-192784813
990,raphw-byte-buddy-192784812
991,raphw-byte-buddy-192022824
992,raphw-byte-buddy-192022820
993,raphw-byte-buddy-191630568
994,raphw-byte-buddy-191266517
995,raphw-byte-buddy-191266516
996,raphw-byte-buddy-191266514
997,raphw-byte-buddy-190547990
998,raphw-byte-buddy-190259708
999,raphw-byte-buddy-190204530
1000,raphw-byte-buddy-189579642
1001,raphw-byte-buddy-189579637
1002,raphw-byte-buddy-189446903
1003,raphw-byte-buddy-189446901
1004,raphw-byte-buddy-189446900
1005,raphw-byte-buddy-189190150
1006,raphw-byte-buddy-189190141
1007,raphw-byte-buddy-188138085
1008,raphw-byte-buddy-188079237
1009,raphw-byte-buddy-187808250
1010,raphw-byte-buddy-187808249
1011,raphw-byte-buddy-187808247
1012,raphw-byte-buddy-187697346
1013,raphw-byte-buddy-187697342
1014,raphw-byte-buddy-187606480
1015,raphw-byte-buddy-187512655
1016,raphw-byte-buddy-187512652
1017,raphw-byte-buddy-186958641
1018,raphw-byte-buddy-186457600
1019,raphw-byte-buddy-186457597
1020,raphw-byte-buddy-186457596
1021,raphw-byte-buddy-185441655
1022,raphw-byte-buddy-185233254
1023,raphw-byte-buddy-185233251
1024,raphw-byte-buddy-185233250
1025,raphw-byte-buddy-174535097
1026,raphw-byte-buddy-171820196
1027,raphw-byte-buddy-171322761
1028,raphw-byte-buddy-171322760
1029,raphw-byte-buddy-171322758
1030,raphw-byte-buddy-169775350
1031,raphw-byte-buddy-166754532
1032,raphw-byte-buddy-165510016
1033,raphw-byte-buddy-165510014
1034,raphw-byte-buddy-165463886
1035,raphw-byte-buddy-165463885
1036,raphw-byte-buddy-165463883
1037,raphw-byte-buddy-165463882
1038,raphw-byte-buddy-164879536
1039,raphw-byte-buddy-163622114
1040,raphw-byte-buddy-163617933
1041,raphw-byte-buddy-163617930
1042,raphw-byte-buddy-161489934
1043,raphw-byte-buddy-161489929
1044,raphw-byte-buddy-161164034
1045,raphw-byte-buddy-160374693
1046,raphw-byte-buddy-159529701
1047,raphw-byte-buddy-159529700
1048,raphw-byte-buddy-156948937
1049,raphw-byte-buddy-156948934
1050,raphw-byte-buddy-156672810
1051,raphw-byte-buddy-156672807
1052,raphw-byte-buddy-150449077
1053,raphw-byte-buddy-149688524
1054,raphw-byte-buddy-149688523
1055,raphw-byte-buddy-149441992
1056,raphw-byte-buddy-148830165
1057,raphw-byte-buddy-148830163
1058,raphw-byte-buddy-148275738
1059,raphw-byte-buddy-148052190
1060,raphw-byte-buddy-147989186
1061,raphw-byte-buddy-147989184
1062,raphw-byte-buddy-146257718
1063,pgjdbc-pgjdbc-351977784
1064,pgjdbc-pgjdbc-117659967
1065,raphw-byte-buddy-146248653
1066,raphw-byte-buddy-146248651
1067,raphw-byte-buddy-146058333
1068,raphw-byte-buddy-145010276
1069,raphw-byte-buddy-145010273
1070,raphw-byte-buddy-144873471
1071,raphw-byte-buddy-142690277
1072,raphw-byte-buddy-142690270
1073,raphw-byte-buddy-142690267
1074,raphw-byte-buddy-140517159
1075,raphw-byte-buddy-140517158
1076,raphw-byte-buddy-140517156
1077,raphw-byte-buddy-139776635
1078,raphw-byte-buddy-135907593
1079,raphw-byte-buddy-135544150
1080,raphw-byte-buddy-134720980
1081,raphw-byte-buddy-134720976
1082,raphw-byte-buddy-134720975
1083,raphw-byte-buddy-134390276
1084,raphw-byte-buddy-134153788
1085,raphw-byte-buddy-134153786
1086,raphw-byte-buddy-124133323
1087,raphw-byte-buddy-124133320
1088,raphw-byte-buddy-123642637
1089,raphw-byte-buddy-123483609
1090,raphw-byte-buddy-123483604
1091,raphw-byte-buddy-123161194
1092,raphw-byte-buddy-123161193
1093,raphw-byte-buddy-122630632
1094,raphw-byte-buddy-122630631
1095,raphw-byte-buddy-122614664
1096,raphw-byte-buddy-122552470
1097,raphw-byte-buddy-122552467
1098,raphw-byte-buddy-122552466
1099,raphw-byte-buddy-114772248
1100,raphw-byte-buddy-107351165
1101,checkstyle-checkstyle-248927615
1102,checkstyle-checkstyle-212813555
1103,checkstyle-checkstyle-207680414
1104,checkstyle-checkstyle-191395929
1105,checkstyle-checkstyle-191395927
1106,checkstyle-checkstyle-191395923
1107,belluccifranco-sic-212962406
1108,belluccifranco-sic-211992249
1109,belluccifranco-sic-158077251
1110,belluccifranco-sic-158207328
1111,joyent-java-manta-301707451
1112,stagemonitor-stagemonitor-130790384
1113,square-okhttp-58838748
1114,square-okhttp-99758866
1115,belluccifranco-sic-211965193
1116,belluccifranco-sic-163596327
1117,belluccifranco-sic-212962404
1118,HubSpot-Singularity-439729099
1119,belluccifranco-sic-211991538
1120,belluccifranco-sic-189326584
1121,belluccifranco-sic-214508381
1122,Flipkart-foxtrot-96703165
1123,belluccifranco-sic-206427692
